account-account-account-account-account-account,22781
account-account-account-account-account-end,3311
account-account-account-account-account-home,906
account-account-account-account-account-other,1156
account-account-account-account-account-product,5969
account-account-account-account-account-search,692
account-account-account-account-end,7059
account-account-account-account-home-account,396
account-account-account-account-home-end,316
account-account-account-account-home-home,226
account-account-account-account-home-other,87
account-account-account-account-home-product,613
account-account-account-account-home-search,245
account-account-account-account-other-account,446
account-account-account-account-other-end,229
account-account-account-account-other-home,91
account-account-account-account-other-other,804
account-account-account-account-other-product,776
account-account-account-account-other-search,48
account-account-account-account-product-account,3892
account-account-account-account-product-end,3250
account-account-account-account-product-home,531
account-account-account-account-product-other,252
account-account-account-account-product-product,4876
account-account-account-account-product-search,476
account-account-account-account-search-account,521
account-account-account-account-search-end,39
account-account-account-account-search-home,7
account-account-account-account-search-other,8
account-account-account-account-search-product,536
account-account-account-account-search-search,219
account-account-account-end,14262
account-account-account-home-account-account,434
account-account-account-home-account-end,83
account-account-account-home-account-home,71
account-account-account-home-account-other,39
account-account-account-home-account-product,159
account-account-account-home-account-search,24
account-account-account-home-end,722
account-account-account-home-home-account,103
account-account-account-home-home-end,64
account-account-account-home-home-home,76
account-account-account-home-home-other,57
account-account-account-home-home-product,116
account-account-account-home-home-search,47
account-account-account-home-other-account,32
account-account-account-home-other-end,13
account-account-account-home-other-home,21
account-account-account-home-other-other,93
account-account-account-home-other-product,33
account-account-account-home-other-search,6
account-account-account-home-product-account,252
account-account-account-home-product-end,304
account-account-account-home-product-home,258
account-account-account-home-product-other,25
account-account-account-home-product-product,573
account-account-account-home-product-search,69
account-account-account-home-search-account,119
account-account-account-home-search-end,20
account-account-account-home-search-home,13
account-account-account-home-search-other,1
account-account-account-home-search-product,276
account-account-account-home-search-search,103
account-account-account-other-account-account,486
account-account-account-other-account-end,99
account-account-account-other-account-home,28
account-account-account-other-account-other,130
account-account-account-other-account-product,172
account-account-account-other-account-search,31
account-account-account-other-end,636
account-account-account-other-home-account,33
account-account-account-other-home-end,42
account-account-account-other-home-home,23
account-account-account-other-home-other,15
account-account-account-other-home-product,61
account-account-account-other-home-search,20
account-account-account-other-other-account,312
account-account-account-other-other-end,239
account-account-account-other-other-home,92
account-account-account-other-other-other,741
account-account-account-other-other-product,488
account-account-account-other-other-search,48
account-account-account-other-product-account,315
account-account-account-other-product-end,881
account-account-account-other-product-home,84
account-account-account-other-product-other,190
account-account-account-other-product-product,1400
account-account-account-other-product-search,77
account-account-account-other-search-account,25
account-account-account-other-search-end,5
account-account-account-other-search-other,1
account-account-account-other-search-product,39
account-account-account-other-search-search,22
account-account-account-product-account-account,3948
account-account-account-product-account-end,721
account-account-account-product-account-home,154
account-account-account-product-account-other,201
account-account-account-product-account-product,2369
account-account-account-product-account-search,189
account-account-account-product-end,7344
account-account-account-product-home-account,198
account-account-account-product-home-end,239
account-account-account-product-home-home,122
account-account-account-product-home-other,52
account-account-account-product-home-product,526
account-account-account-product-home-search,175
account-account-account-product-other-account,120
account-account-account-product-other-end,74
account-account-account-product-other-home,23
account-account-account-product-other-other,226
account-account-account-product-other-product,189
account-account-account-product-other-search,13
account-account-account-product-product-account,1863
home-product-account-home-product-other,178
home-product-account-home-product-product,6799
home-product-account-home-product-search,928
home-product-account-home-search-account,746
home-product-account-home-search-end,130
